Alyssa Pramod,Tue Oct 6 15:23:26 2026 +1100,Update main.js,
Alyssa Pramod,Sun Oct 4 18:13:20 2026 +1100,Update index.html,
Alyssa Pramod,Sun Sep 27 21:37:05 2026 +1000,finished version,added two more stars for letters o & p, adjusted positions

Alyssa Pramod,Sun Sep 27 21:33:35 2026 +1000,added all letters,
Alyssa Pramod,Sun Sep 27 21:30:12 2026 +1000,added new audio files,
Alyssa Pramod,Sun Sep 27 21:20:18 2026 +1000,update index html,added new div for stars

Alyssa Pramod,Sun Sep 27 21:19:40 2026 +1000,updating js,added code for star flashing animation + audio for star

Alyssa Pramod,Sun Sep 27 21:16:40 2026 +1000,star,added animation for star corresponding to letter & flashing when key is pressed

Alyssa Pramod,Sun Sep 27 20:55:14 2026 +1000,star animation,
Alyssa Pramod,Sun Sep 27 20:49:08 2026 +1000,edited stars,
Alyssa Pramod,Sun Sep 27 19:59:22 2026 +1000,trees,tree 2 tree 3 added

Alyssa Pramod,Sun Sep 27 19:53:01 2026 +1000,tree edit,changing tree dimensions, and positions on the screen

Alyssa Pramod,Sun Sep 27 19:42:30 2026 +1000,tree,add tree css and html

Alyssa Pramod,Sun Sep 27 19:36:16 2026 +1000,updated css,edited ground and stars

Alyssa Pramod,Sun Sep 27 13:44:52 2026 +1000,moon bg,added classes moon and moon glow

Alyssa Pramod,Sun Sep 27 13:38:52 2026 +1000,update html,adding bg elements - moon, ground, stars

Alyssa Pramod,Sun Sep 27 13:33:58 2026 +1000,updated main js and css,
Alyssa Pramod,Sun Sep 27 13:29:07 2026 +1000,changed background,changed js body code

Alyssa Pramod,Sun Sep 27 13:07:28 2026 +1000,added images,
Alyssa Pramod,Sun Sep 27 13:05:06 2026 +1000,added audio files,
Alyssa Pramod,Sun Sep 27 13:03:07 2026 +1000,added sounds folder,
Alyssa Pramod,Sun Sep 27 13:02:33 2026 +1000,added img folder,
Alyssa Pramod,Sun Sep 27 13:02:02 2026 +1000,Update .DS_Store,
Alyssa Pramod,Sun Sep 27 12:59:46 2026 +1000,files update,
Alyssa Pramod,Sun Sep 27 12:56:38 2026 +1000,updated style css,
Alyssa Pramod,Sun Sep 27 12:56:02 2026 +1000,updated main js,
Alyssa Pramod,Sun Sep 27 12:55:18 2026 +1000,updated index html,
Alyssa Pramod,Thu Sep 10 11:52:06 2026 +1000,Update script.js,
Alyssa Pramod,Thu Sep 10 10:46:47 2026 +1000,edit,
Alyssa Pramod,Wed Aug 26 23:16:22 2026 +1000,Create .DS_Store,
Alyssa Pramod,Wed Aug 26 23:16:16 2026 +1000,made new file,
Alyssa Pramod,Thu Aug 20 11:17:08 2026 +1000,js update,
Alyssa Pramod,Thu Aug 20 10:08:28 2026 +1000,checking different js,
Alyssa Pramod,Thu Jul 30 12:17:57 2026 +1000,added notes,
Alyssa Pramod,Thu Jul 30 12:02:22 2026 +1000,updates,
Alyssa Pramod,Thu Jul 30 11:48:46 2026 +1000,Create index.html,